Subdomain,Unknown Issuer,Not Before,Not After
maarag.bgu.ac.il,,2023-09-28T22:25:47,2023-12-27T22:25:46
blumberg.bgu.ac.il,Sectigo Limited,2023-09-26T00:00:00,2023-12-25T23:59:59
www.blumberg.bgu.ac.il,Sectigo Limited,2023-09-26T00:00:00,2023-12-25T23:59:59
ichsa.sise.bgu.ac.il,,2023-09-26T20:21:46,2023-12-25T20:21:45
karmalegoweb.cs.bgu.ac.il,,2023-09-26T07:35:23,2023-12-25T07:35:22
velodrome.cs.bgu.ac.il,,2023-09-26T07:31:33,2023-12-25T07:31:32
sel.sise.bgu.ac.il,,2023-09-22T04:55:02,2023-12-21T04:55:01
managerscenter.bgu.ac.il,,2023-09-21T13:00:34,2023-12-20T13:00:33
www.managerscenter.bgu.ac.il,,2023-09-21T13:00:34,2023-12-20T13:00:33
lp.bgu.ac.il,,2023-09-21T05:00:24,2023-12-20T05:00:23
shop.bgu.ac.il,,2023-09-21T00:00:52,2023-12-20T00:00:51
drugai.cs.bgu.ac.il,,2023-09-20T06:23:46,2023-12-19T06:23:45
shopeng.bgu.ac.il,,2023-09-20T00:00:47,2023-12-19T00:00:46
dps.ise.bgu.ac.il,,2023-09-19T15:09:22,2023-12-18T15:09:21
www.dps.ise.bgu.ac.il,,2023-09-19T15:09:22,2023-12-18T15:09:21
avardi.bgu.ac.il,,2023-09-14T06:25:16,2023-12-13T06:25:15
www.avardi.bgu.ac.il,,2023-09-14T06:25:16,2023-12-13T06:25:15
pif.bgu.ac.il,,2023-09-12T08:11:27,2023-12-11T08:11:26
www.pif.bgu.ac.il,,2023-09-12T08:11:27,2023-12-11T08:11:26
moodle.bgu.ac.il,,2023-04-25T00:00:00,2023-10-25T23:59:59
naslab.ise.bgu.ac.il,,2023-09-11T01:02:24,2023-12-10T01:02:23
www.naslab.ise.bgu.ac.il,,2023-09-11T01:02:24,2023-12-10T01:02:23
meijlergroup.bgu.ac.il,,2023-09-10T04:41:21,2023-12-09T04:41:20
www.meijlergroup.bgu.ac.il,,2023-09-10T04:41:21,2023-12-09T04:41:20
sinterbase.cs.bgu.ac.il,,2023-09-09T22:06:46,2023-12-08T22:06:45
www.yazamut360.bgu.ac.il,Sectigo Limited,2023-09-07T00:00:00,2023-12-06T23:59:59
yazamut360.bgu.ac.il,Sectigo Limited,2023-09-07T00:00:00,2023-12-06T23:59:59
lit-lab.bgu.ac.il,,2023-09-07T14:18:28,2023-12-06T14:18:27
www.lit-lab.bgu.ac.il,,2023-09-07T14:18:28,2023-12-06T14:18:27
hodlab.bgu.ac.il,,2023-09-06T22:52:30,2023-12-05T22:52:29
naime.cs.bgu.ac.il,,2023-09-06T12:54:05,2023-12-05T12:54:04
bgntachles.bgu.ac.il,,2023-09-05T17:10:50,2023-12-04T17:10:49
www.bgntachles.bgu.ac.il,,2023-09-05T17:10:50,2023-12-04T17:10:49
founders.bgu.ac.il,,2023-09-05T14:07:42,2023-12-04T14:07:41
join.bgu.ac.il,,2023-09-01T21:56:42,2023-11-30T21:56:41
bgri-press.bgu.ac.il,,2023-08-31T09:47:01,2023-11-29T09:47:00
tagram.cs.bgu.ac.il,,2023-08-28T09:53:36,2023-11-26T09:53:35
razlab.bgu.ac.il,Sectigo Limited,2023-08-27T00:00:00,2023-11-25T23:59:59
www.razlab.bgu.ac.il,Sectigo Limited,2023-08-27T00:00:00,2023-11-25T23:59:59
neurohub.bgu.ac.il,Sectigo Limited,2023-08-27T00:00:00,2023-11-25T23:59:59
www.neurohub.bgu.ac.il,Sectigo Limited,2023-08-27T00:00:00,2023-11-25T23:59:59
fichsa.sise.bgu.ac.il,,2023-08-26T10:21:05,2023-11-24T10:21:04
flavorfusion.cs.bgu.ac.il,,2023-08-25T11:32:28,2023-11-23T11:32:27
ams.bgu.ac.il,,2023-08-25T00:10:19,2023-11-23T00:10:18
orenlab.sise.bgu.ac.il,,2023-08-24T09:35:07,2023-11-22T09:35:06
msih.bgu.ac.il,,2023-08-20T14:30:10,2023-11-18T14:30:09
bidi.cs.bgu.ac.il,,2023-08-19T15:01:03,2023-11-17T15:01:02
kedem.bgu.ac.il,Sectigo Limited,2023-08-19T00:00:00,2023-11-17T23:59:59
www.kedem.bgu.ac.il,Sectigo Limited,2023-08-19T00:00:00,2023-11-17T23:59:59
insect-tracker.cs.bgu.ac.il,,2023-08-13T15:02:26,2023-11-11T15:02:25
shopengnis.bgu.ac.il,,2023-08-10T21:19:30,2023-11-08T21:19:29
medlibcal.bgu.ac.il,,2023-08-08T12:13:48,2023-11-06T12:13:47
libguides.bgu.ac.il,,2023-08-04T12:11:38,2023-11-02T12:11:37
cris.bgu.ac.il,,2023-08-04T11:01:23,2023-11-02T11:01:22
view.start.bgu.ac.il,,2022-08-16T00:00:00,2023-09-16T23:59:59
cloud.start.bgu.ac.il,,2022-08-16T00:00:00,2023-09-16T23:59:59
click.start.bgu.ac.il,,2022-08-16T00:00:00,2023-09-16T23:59:59
dbsd.cs.bgu.ac.il,,2023-07-31T23:03:56,2023-10-29T23:03:55
schwartz-kravchik.cs.bgu.ac.il,,2023-07-29T16:12:40,2023-10-27T16:12:39
proj-mor-ame.cs.bgu.ac.il,,2023-07-26T09:45:26,2023-10-24T09:45:25
oferez.cs.bgu.ac.il,,2023-07-25T01:24:08,2023-10-23T01:24:07
shdh-omw.cs.bgu.ac.il,,2023-07-24T10:37:37,2023-10-22T10:37:36
aye-nat.cs.bgu.ac.il,,2023-07-23T21:08:01,2023-10-21T21:08:00
yoad-shay.cs.bgu.ac.il,,2023-07-23T12:50:53,2023-10-21T12:50:52
dani.cs.bgu.ac.il,,2023-07-23T11:48:35,2023-10-21T11:48:34
kaza-pai.cs.bgu.ac.il,,2023-07-23T08:47:37,2023-10-21T08:47:36
itamar-daniel.cs.bgu.ac.il,,2023-07-23T07:57:10,2023-10-21T07:57:09
recipes-se.cs.bgu.ac.il,,2023-07-23T07:09:45,2023-10-21T07:09:44
eitag-tseytlin.cs.bgu.ac.il,,2023-07-22T19:23:15,2023-10-20T19:23:14
roi-tal.cs.bgu.ac.il,,2023-07-22T18:45:00,2023-10-20T18:44:59
awaisy-pich.cs.bgu.ac.il,,2023-07-22T17:30:38,2023-10-20T17:30:37
lirerecipes.cs.bgu.ac.il,,2023-07-22T15:41:08,2023-10-20T15:41:07
dn-recipes.cs.bgu.ac.il,,2023-07-22T15:15:53,2023-10-20T15:15:52
omerandamit.cs.bgu.ac.il,,2023-07-22T11:13:18,2023-10-20T11:13:17
gad-ofek.cs.bgu.ac.il,,2023-07-22T09:16:07,2023-10-20T09:16:06
rahaf-jan.cs.bgu.ac.il,,2023-07-22T08:37:31,2023-10-20T08:37:30
sanjissocialrecipes.cs.bgu.ac.il,,2023-07-22T07:24:28,2023-10-20T07:24:27
ronidanrecipes.cs.bgu.ac.il,,2023-07-21T19:32:52,2023-10-19T19:32:51
liron-ofir.cs.bgu.ac.il,,2023-07-21T18:44:07,2023-10-19T18:44:06
moria-shalev.cs.bgu.ac.il,,2023-07-21T18:40:50,2023-10-19T18:40:49
shiraliel-food.cs.bgu.ac.il,,2023-07-21T16:43:07,2023-10-19T16:43:06
nofandsha.cs.bgu.ac.il,,2023-07-21T11:37:10,2023-10-19T11:37:09
hungry-potter.cs.bgu.ac.il,,2023-07-20T23:32:15,2023-10-18T23:32:14
eden-raz.cs.bgu.ac.il,,2023-07-20T22:52:14,2023-10-18T22:52:13
liorandsaar.cs.bgu.ac.il,,2023-07-20T18:27:09,2023-10-18T18:27:08
flavor-fiesta.cs.bgu.ac.il,,2023-07-20T14:46:41,2023-10-18T14:46:40
modamedic.cs.bgu.ac.il,,2023-07-20T10:20:28,2023-10-18T10:20:27
liel-bin.cs.bgu.ac.il,,2023-07-19T15:11:28,2023-10-17T15:11:27
flavorfusionrecipes.cs.bgu.ac.il,,2023-07-19T13:07:42,2023-10-17T13:07:41
maor-kalanit.cs.bgu.ac.il,,2023-07-19T10:32:53,2023-10-17T10:32:52
sean-michal.cs.bgu.ac.il,,2023-07-19T09:25:28,2023-10-17T09:25:27
yadin-eden.cs.bgu.ac.il,,2023-07-18T20:47:01,2023-10-16T20:47:00
recipeil.cs.bgu.ac.il,,2023-07-18T18:20:08,2023-10-16T18:20:07
nitaya-itamarza.cs.bgu.ac.il,,2023-07-18T15:04:18,2023-10-16T15:04:17
aflalo-teva.cs.bgu.ac.il,,2023-07-18T10:42:02,2023-10-16T10:42:01
denis-lior.cs.bgu.ac.il,,2023-07-18T04:30:57,2023-10-16T04:30:56
or-amit.cs.bgu.ac.il,,2023-07-18T02:12:15,2023-10-16T02:12:14
liorkob.cs.bgu.ac.il,,2023-07-17T16:41:34,2023-10-15T16:41:33
climate-change-il.cs.bgu.ac.il,,2023-07-17T15:07:23,2023-10-15T15:07:22
avital-noy.cs.bgu.ac.il,,2023-07-17T14:20:33,2023-10-15T14:20:32
edensapsh.cs.bgu.ac.il,,2023-07-17T06:41:21,2023-10-15T06:41:20
rony-neta.cs.bgu.ac.il,,2023-07-17T06:38:47,2023-10-15T06:38:46
grammy-recipe.cs.bgu.ac.il,,2023-07-16T18:33:09,2023-10-14T18:33:08
ronadav.cs.bgu.ac.il,,2023-07-16T18:10:02,2023-10-14T18:10:01
oran-shay.cs.bgu.ac.il,,2023-07-16T16:11:10,2023-10-14T16:11:09
dert.cs.bgu.ac.il,,2023-07-11T16:22:35,2023-10-09T16:22:34
lp.msih.bgu.ac.il,,2023-07-02T22:26:23,2023-09-30T22:26:22
zmani2.bgu.ac.il,,2023-06-28T00:00:00,2023-12-27T23:59:59
yuval-noam.cs.bgu.ac.il,,2023-06-20T20:40:07,2023-09-18T20:40:06
assignment3-keren-ori.cs.bgu.ac.il,,2023-06-20T19:29:23,2023-09-18T19:29:22
ibra.cs.bgu.ac.il,,2023-06-19T17:58:25,2023-09-17T17:58:24
mirinterbase.cs.bgu.ac.il,,2023-06-17T13:32:09,2023-09-15T13:32:08
elderyresearch.cs.bgu.ac.il,,2023-06-12T11:46:55,2023-09-10T11:46:54
cytox.cs.bgu.ac.il,,2023-06-11T09:51:58,2023-09-09T09:51:57
realestateil.cs.bgu.ac.il,,2023-06-07T10:47:37,2023-09-05T10:47:36
roomit.cs.bgu.ac.il,,2023-06-01T15:20:01,2023-08-30T15:20:00
mx4.bgu.ac.il,GEANT Vereniging,2023-05-25T00:00:00,2024-05-24T23:59:59
stardbi.cs.bgu.ac.il,Sectigo Limited,2023-05-23T00:00:00,2024-06-21T23:59:59
noaron-food.cs.bgu.ac.il,,2023-05-20T15:37:41,2023-08-18T15:37:40
epo2.campus.ad.bgu.ac.il,GEANT Vereniging,2023-05-19T00:00:00,2024-05-18T23:59:59
www.epo2.campus.ad.bgu.ac.il,GEANT Vereniging,2023-05-19T00:00:00,2024-05-18T23:59:59
omer-sab.cs.bgu.ac.il,,2023-05-17T13:32:40,2023-08-15T13:32:39
nd-recipes.cs.bgu.ac.il,,2023-05-16T14:26:57,2023-08-14T14:26:56
csactfront.cs.bgu.ac.il,GEANT Vereniging,2023-05-16T00:00:00,2024-05-15T23:59:59
www.csactfront.cs.bgu.ac.il,GEANT Vereniging,2023-05-16T00:00:00,2024-05-15T23:59:59
*.fohs.bgu.ac.il,Sectigo Limited,2023-05-11T00:00:00,2024-06-09T23:59:59
fohs.bgu.ac.il,Sectigo Limited,2023-05-11T00:00:00,2024-06-09T23:59:59
simiisi.med.ad.bgu.ac.il,GEANT Vereniging,2023-05-10T00:00:00,2024-05-09T23:59:59
www.simiisi.med.ad.bgu.ac.il,GEANT Vereniging,2023-05-10T00:00:00,2024-05-09T23:59:59
rgranotqnap001.bgu.ac.il,GEANT Vereniging,2023-05-10T00:00:00,2024-05-09T23:59:59
www.rgranotqnap001.bgu.ac.il,GEANT Vereniging,2023-05-10T00:00:00,2024-05-09T23:59:59
cgqnap003.bgu.ac.il,GEANT Vereniging,2023-05-10T00:00:00,2024-05-09T23:59:59
www.cgqnap003.bgu.ac.il,GEANT Vereniging,2023-05-10T00:00:00,2024-05-09T23:59:59
primo.bgu.ac.il,GEANT Vereniging,2023-05-09T00:00:00,2024-05-08T23:59:59
www.primo.bgu.ac.il,GEANT Vereniging,2023-05-09T00:00:00,2024-05-08T23:59:59
www.stardbi.cs.bgu.ac.il,GEANT Vereniging,2023-05-09T00:00:00,2024-05-08T23:59:59
kidstart-bgn.bgu.ac.il,,2023-05-07T20:38:18,2023-08-05T20:38:17
ecai23mybids.cs.bgu.ac.il,,2023-05-01T04:42:29,2023-07-30T04:42:28
chamomeal.cs.bgu.ac.il,,2023-04-27T06:03:16,2023-07-26T06:03:15
*.cyber.bgu.ac.il,Sectigo Limited,2023-04-25T00:00:00,2024-05-24T23:59:59
cyber.bgu.ac.il,Sectigo Limited,2023-04-25T00:00:00,2024-05-24T23:59:59
bgu.ac.il,Sectigo Limited,2023-04-24T00:00:00,2023-07-23T23:59:59
www.bgu.ac.il,Sectigo Limited,2023-04-24T00:00:00,2023-07-23T23:59:59
mgmnt2.auth.ad.bgu.ac.il,Sectigo Limited,2023-04-19T00:00:00,2024-05-18T23:59:59
www.mgmnt2.auth.ad.bgu.ac.il,GEANT Vereniging,2023-04-18T00:00:00,2024-04-17T23:59:59
irony.cs.bgu.ac.il,GEANT Vereniging,2023-04-16T00:00:00,2024-04-15T23:59:59
www.irony.cs.bgu.ac.il,GEANT Vereniging,2023-04-16T00:00:00,2024-04-15T23:59:59
www.moodle.bgu.ac.il,GEANT Vereniging,2023-04-07T00:00:00,2024-04-06T23:59:59
managersalumni.bgu.ac.il,,2023-03-26T11:17:08,2023-06-24T11:17:07
www.managersalumni.bgu.ac.il,,2023-03-26T11:17:08,2023-06-24T11:17:07
*.physics.bgu.ac.il,GEANT Vereniging,2023-03-23T00:00:00,2024-03-22T23:59:59
physics.bgu.ac.il,GEANT Vereniging,2023-03-23T00:00:00,2024-03-22T23:59:59
myview.auth.ad.bgu.ac.il,GEANT Vereniging,2023-03-23T00:00:00,2024-03-22T23:59:59
myview.bgu.ac.il,GEANT Vereniging,2023-03-23T00:00:00,2024-03-22T23:59:59
hallel-pro.cs.bgu.ac.il,,2023-03-19T17:28:01,2023-06-17T17:28:00
moodlecloudtest.bgu.ac.il,,2023-03-18T00:00:00,2023-09-18T23:59:59
ivsmrs2019.bgu.ac.il,Sectigo Limited,2023-03-07T00:00:00,2023-06-05T23:59:59
www.ivsmrs2019.bgu.ac.il,Sectigo Limited,2023-03-07T00:00:00,2023-06-05T23:59:59
k2qa.bgu.ac.il,Sectigo Limited,2023-02-28T00:00:00,2024-03-29T23:59:59
k2-qa-app.bgu.ac.il,Sectigo Limited,2023-02-28T00:00:00,2024-03-29T23:59:59
k2dev.bgu.ac.il,Sectigo Limited,2023-02-28T00:00:00,2024-03-29T23:59:59
*.bgu.ac.il,Sectigo Limited,2023-02-27T00:00:00,2024-03-28T23:59:59
iqs.cs.bgu.ac.il,,2023-02-26T11:18:50,2023-05-27T11:18:49
r-srv.ise.bgu.ac.il,Sectigo Limited,2023-02-19T00:00:00,2024-03-20T23:59:59
lp2sport.bgu.ac.il,,2023-02-09T18:01:36,2023-05-10T18:01:35
newrdw.bgu.ac.il,GEANT Vereniging,2023-02-09T00:00:00,2024-02-09T23:59:59
www.newrdw.bgu.ac.il,GEANT Vereniging,2023-02-09T00:00:00,2024-02-09T23:59:59
hilanoptibit.auth.ad.bgu.ac.il,Sectigo Limited,2023-01-30T00:00:00,2024-02-29T23:59:59
natanyagrandmarecipes.cs.bgu.ac.il,,2023-01-27T20:19:35,2023-04-27T20:19:34
image.start.bgu.ac.il,,2023-01-25T00:00:00,2024-02-25T23:59:59
umbraco.bgu.ac.il,Sectigo Limited,2023-01-24T00:00:00,2024-02-23T23:59:59
coil2.cs.bgu.ac.il,,2023-01-23T15:09:30,2023-04-23T15:09:29
*.ee.bgu.ac.il,GEANT Vereniging,2023-01-23T00:00:00,2024-01-23T23:59:59
ee.bgu.ac.il,GEANT Vereniging,2023-01-23T00:00:00,2024-01-23T23:59:59
*.ise.bgu.ac.il,GEANT Vereniging,2023-01-17T00:00:00,2024-01-17T23:59:59
ise.bgu.ac.il,GEANT Vereniging,2023-01-17T00:00:00,2024-01-17T23:59:59
mgmntts.auth.ad.bgu.ac.il,Sectigo Limited,2023-01-16T00:00:00,2024-02-15T23:59:59
www.mgmntts.auth.ad.bgu.ac.il,GEANT Vereniging,2023-01-16T00:00:00,2024-01-16T23:59:59
mgmntrds.auth.ad.bgu.ac.il,Sectigo Limited,2023-01-16T00:00:00,2024-02-15T23:59:59
www.mgmntrds.auth.ad.bgu.ac.il,GEANT Vereniging,2023-01-16T00:00:00,2024-01-16T23:59:59
recipesweblielkeren.cs.bgu.ac.il,,2023-01-09T18:14:40,2023-04-09T18:14:39
ecegit.ee.bgu.ac.il,Sectigo Limited,2023-01-05T00:00:00,2024-02-04T23:59:59
recipewizard.cs.bgu.ac.il,,2022-12-30T17:19:04,2023-03-30T17:19:03
imagelibrary.bgu.ac.il,Sectigo Limited,2022-12-14T00:00:00,2024-01-13T23:59:59
navitamarecipes.cs.bgu.ac.il,,2022-12-12T21:05:30,2023-03-12T21:05:29
signer1.bgu.ac.il,GEANT Vereniging,2022-12-12T00:00:00,2023-12-12T23:59:59
www.signer1.bgu.ac.il,GEANT Vereniging,2022-12-12T00:00:00,2023-12-12T23:59:59
horizonvidm1.auth.ad.bgu.ac.il,GEANT Vereniging,2022-12-06T00:00:00,2023-12-06T23:59:59
horizonvidm2.auth.ad.bgu.ac.il,GEANT Vereniging,2022-12-06T00:00:00,2023-12-06T23:59:59
www.imagelibrary.bgu.ac.il,GEANT Vereniging,2022-11-30T00:00:00,2023-11-30T23:59:59
netbio.bgu.ac.il,GEANT Vereniging,2022-11-28T00:00:00,2023-11-28T23:59:59
www.netbio.bgu.ac.il,GEANT Vereniging,2022-11-28T00:00:00,2023-11-28T23:59:59
venus1.auth.ad.bgu.ac.il,Sectigo Limited,2022-11-27T00:00:00,2023-12-27T23:59:59
venus.bgu.ac.il,Sectigo Limited,2022-11-27T00:00:00,2023-12-27T23:59:59
cubic1.bgu.ac.il,GEANT Vereniging,2022-11-18T00:00:00,2023-11-18T23:59:59
cubic2.bgu.ac.il,GEANT Vereniging,2022-11-18T00:00:00,2023-11-18T23:59:59
cubic3.bgu.ac.il,GEANT Vereniging,2022-11-18T00:00:00,2023-11-18T23:59:59
cubic4.bgu.ac.il,GEANT Vereniging,2022-11-18T00:00:00,2023-11-18T23:59:59
cubic5.bgu.ac.il,GEANT Vereniging,2022-11-18T00:00:00,2023-11-18T23:59:59
cubicaccess.bgu.ac.il,GEANT Vereniging,2022-11-18T00:00:00,2023-11-18T23:59:59
*.ezproxy.bgu.ac.il,GEANT Vereniging,2022-11-03T00:00:00,2023-11-03T23:59:59
ezproxy.bgu.ac.il,GEANT Vereniging,2022-11-03T00:00:00,2023-11-03T23:59:59
horizon.bgu.ac.il,Sectigo Limited,2022-11-03T00:00:00,2023-12-03T23:59:59
horizoncon1.auth.ad.bgu.ac.il,Sectigo Limited,2022-11-03T00:00:00,2023-12-03T23:59:59
horizoncon2.auth.ad.bgu.ac.il,Sectigo Limited,2022-11-03T00:00:00,2023-12-03T23:59:59
*.eng.bgu.ac.il,GEANT Vereniging,2022-11-01T00:00:00,2023-11-01T23:59:59
eng.bgu.ac.il,GEANT Vereniging,2022-11-01T00:00:00,2023-11-01T23:59:59
csvplsrv.cs.bgu.ac.il,GEANT Vereniging,2022-10-31T00:00:00,2023-10-31T23:59:59
www.csvplsrv.cs.bgu.ac.il,GEANT Vereniging,2022-10-31T00:00:00,2023-10-31T23:59:59
internship.cs.bgu.ac.il,,2022-10-30T17:52:43,2023-01-28T17:52:42
nano-bookit.bgu.ac.il,Sectigo Limited,2022-10-24T00:00:00,2023-11-23T23:59:59
smtp10.bgu.ac.il,GEANT Vereniging,2022-10-10T00:00:00,2023-10-10T23:59:59
smtp11.bgu.ac.il,GEANT Vereniging,2022-10-10T00:00:00,2023-10-10T23:59:59
smtp.bgu.ac.il,GEANT Vereniging,2022-10-10T00:00:00,2023-10-10T23:59:59
wifireg2.bgu.ac.il,Sectigo Limited,2022-10-04T00:00:00,2023-11-03T23:59:59
se-tc.cs.bgu.ac.il,Sectigo Limited,2022-10-02T00:00:00,2023-11-01T23:59:59
math-tc.cs.bgu.ac.il,Sectigo Limited,2022-10-02T00:00:00,2023-11-01T23:59:59
iemerp.bgu.ac.il,Sectigo Limited,2022-09-11T00:00:00,2023-10-11T23:59:59
yumtum.cs.bgu.ac.il,,2022-09-09T14:10:34,2022-12-08T14:10:33
epo.auth.ad.bgu.ac.il,Sectigo Limited,2022-09-01T00:00:00,2023-10-01T23:59:59
ccpp2.auth.ad.bgu.ac.il,Sectigo Limited,2022-08-29T00:00:00,2023-09-28T23:59:59
powerplug.bgu.ac.il,Sectigo Limited,2022-08-29T00:00:00,2023-09-28T23:59:59
liroey-recipes.cs.bgu.ac.il,,2022-08-28T03:01:05,2022-11-26T03:01:04
tbhic.cs.bgu.ac.il,,2022-08-27T21:59:55,2022-11-25T21:59:54
cloudrecipe.cs.bgu.ac.il,,2022-08-27T19:34:52,2022-11-25T19:34:51
recipesprojbgu.cs.bgu.ac.il,,2022-08-27T06:32:11,2022-11-25T06:32:10
bgnbrecipes.cs.bgu.ac.il,,2022-08-26T19:11:55,2022-11-24T19:11:54
chenshahafrecipes.cs.bgu.ac.il,,2022-08-26T12:38:09,2022-11-24T12:38:08
foodisgood.cs.bgu.ac.il,,2022-08-26T12:28:25,2022-11-24T12:28:24
isa-recipes.cs.bgu.ac.il,,2022-08-25T13:36:38,2022-11-23T13:36:37
recipesbysn.cs.bgu.ac.il,,2022-08-25T03:49:31,2022-11-23T03:49:30
recipesmaster.cs.bgu.ac.il,,2022-08-24T12:51:11,2022-11-22T12:51:10
allrecipes.cs.bgu.ac.il,,2022-08-24T04:53:16,2022-11-22T04:53:15
foodyn.cs.bgu.ac.il,,2022-08-21T06:48:42,2022-11-19T06:48:41
doralonrecipes.cs.bgu.ac.il,,2022-08-20T17:13:14,2022-11-18T17:13:13
sal-recipes.cs.bgu.ac.il,,2022-08-20T14:54:14,2022-11-18T14:54:13
recipesonlineshanir.cs.bgu.ac.il,,2022-08-19T11:52:18,2022-11-17T11:52:17
sn-recipes.cs.bgu.ac.il,,2022-08-16T16:38:06,2022-11-14T16:38:05
exprecipes.cs.bgu.ac.il,,2022-08-15T06:53:06,2022-11-13T06:53:05
cookify.cs.bgu.ac.il,,2022-08-14T17:58:35,2022-11-12T17:58:34
dm-recipes.cs.bgu.ac.il,,2022-08-14T17:55:48,2022-11-12T17:55:47
wasfa.cs.bgu.ac.il,,2022-08-14T06:57:52,2022-11-12T06:57:51
bgfood.cs.bgu.ac.il,,2022-08-13T17:45:33,2022-11-11T17:45:32
pestorachel.cs.bgu.ac.il,,2022-08-13T15:49:19,2022-11-11T15:49:18
foodthirteen.cs.bgu.ac.il,,2022-08-13T11:34:21,2022-11-11T11:34:20
recipesonline.cs.bgu.ac.il,,2022-08-13T05:11:50,2022-11-11T05:11:49
recipesbynitzanandmalka.cs.bgu.ac.il,,2022-08-11T12:23:14,2022-11-09T12:23:13
wikirecipe.cs.bgu.ac.il,,2022-08-11T07:05:29,2022-11-09T07:05:28
labrisk.bgu.ac.il,Sectigo Limited,2022-08-10T00:00:00,2023-09-09T23:59:59
ib-recipes.cs.bgu.ac.il,,2022-08-08T19:02:33,2022-11-06T19:02:32
recipacman.cs.bgu.ac.il,,2022-08-08T18:12:27,2022-11-06T18:12:26
recipehouse.cs.bgu.ac.il,,2022-08-08T18:07:31,2022-11-06T18:07:30
perricipes.cs.bgu.ac.il,,2022-08-08T15:27:38,2022-11-06T15:27:37
nano-bookit2.auth.ad.bgu.ac.il,Sectigo Limited,2022-08-04T00:00:00,2023-09-03T23:59:59
recipeideas.cs.bgu.ac.il,,2022-08-03T11:14:49,2022-11-01T11:14:48
meddocker.med.ad.bgu.ac.il,Sectigo Limited,2022-08-03T00:00:00,2023-09-02T23:59:59
autodiscover.bgu.ac.il,Sectigo Limited,2022-07-24T00:00:00,2023-08-23T23:59:59
hawk5.auth.ad.bgu.ac.il,Sectigo Limited,2022-07-24T00:00:00,2023-08-23T23:59:59
hawk6.auth.ad.bgu.ac.il,Sectigo Limited,2022-07-24T00:00:00,2023-08-23T23:59:59
hawk7.auth.ad.bgu.ac.il,Sectigo Limited,2022-07-24T00:00:00,2023-08-23T23:59:59
smtp365int.bgu.ac.il,Sectigo Limited,2022-07-24T00:00:00,2023-08-23T23:59:59
xmail.bgu.ac.il,Sectigo Limited,2022-07-24T00:00:00,2023-08-23T23:59:59
syncproject.cs.bgu.ac.il,,2022-07-23T15:47:00,2022-10-21T15:46:59
mx3.bgu.ac.il,Sectigo Limited,2022-07-17T00:00:00,2023-08-16T23:59:59
bgu-cc-msdb1.bgu.ac.il,Sectigo Limited,2022-07-13T00:00:00,2023-08-12T23:59:59
testblue1.bgu.ac.il,GEANT Vereniging,2022-07-12T00:00:00,2023-07-12T23:59:59
www.testblue1.bgu.ac.il,GEANT Vereniging,2022-07-12T00:00:00,2023-07-12T23:59:59
testblue.bgu.ac.il,GEANT Vereniging,2022-07-12T00:00:00,2023-07-12T23:59:59
www.testblue.bgu.ac.il,GEANT Vereniging,2022-07-12T00:00:00,2023-07-12T23:59:59
ece-projects.ee.bgu.ac.il,Sectigo Limited,2022-07-11T00:00:00,2023-08-10T23:59:59
mgmntlnx.bgu.ac.il,Sectigo Limited,2022-07-11T00:00:00,2023-08-10T23:59:59
lifeserv.bgu.ac.il,Sectigo Limited,2022-07-10T00:00:00,2023-08-09T23:59:59
secdep.bgu.ac.il,Sectigo Limited,2022-07-10T00:00:00,2023-08-09T23:59:59
sdb.bgu.ac.il,Sectigo Limited,2022-07-08T00:00:00,2023-08-07T23:59:59
attentive.bgu.ac.il,Sectigo Limited,2022-07-08T00:00:00,2023-08-07T23:59:59
mashrooms.bgu.ac.il,Sectigo Limited,2022-07-08T00:00:00,2023-08-07T23:59:59
shizafon.bgu.ac.il,Sectigo Limited,2022-07-08T00:00:00,2023-08-07T23:59:59
bay-appl.bgu.ac.il,Sectigo Limited,2022-07-08T00:00:00,2023-08-07T23:59:59
venusdepot.bgu.ac.il,Sectigo Limited,2022-07-07T00:00:00,2023-08-06T23:59:59
netreg12.bgu.ac.il,Sectigo Limited,2022-07-07T00:00:00,2023-08-06T23:59:59
netreg11.bgu.ac.il,Sectigo Limited,2022-07-07T00:00:00,2023-08-06T23:59:59
www.math.bgu.ac.il,Sectigo Limited,2022-07-07T00:00:00,2023-08-06T23:59:59
nmr.bgu.ac.il,Sectigo Limited,2022-07-06T00:00:00,2023-08-05T23:59:59
cgqnap002.bgu.ac.il,Sectigo Limited,2022-07-06T00:00:00,2023-08-05T23:59:59
cgqnap001.bgu.ac.il,Sectigo Limited,2022-07-06T00:00:00,2023-08-05T23:59:59
*.cs.bgu.ac.il,GEANT Vereniging,2022-07-05T00:00:00,2023-07-05T23:59:59
cs.bgu.ac.il,GEANT Vereniging,2022-07-05T00:00:00,2023-07-05T23:59:59
apps.bgu.ac.il,Sectigo Limited,2022-07-05T00:00:00,2023-08-04T23:59:59
cucm-pub.bgu.ac.il,Sectigo Limited,2022-07-05T00:00:00,2023-08-04T23:59:59
cucm-pub-ms.bgu.ac.il,Sectigo Limited,2022-07-05T00:00:00,2023-08-04T23:59:59
cucm-sub.bgu.ac.il,Sectigo Limited,2022-07-05T00:00:00,2023-08-04T23:59:59
imp-pub.bgu.ac.il,Sectigo Limited,2022-07-05T00:00:00,2023-08-04T23:59:59
imp-sub.bgu.ac.il,Sectigo Limited,2022-07-05T00:00:00,2023-08-04T23:59:59
cuc-pub.bgu.ac.il,Sectigo Limited,2022-07-05T00:00:00,2023-08-04T23:59:59
cuc-pub-ms.bgu.ac.il,Sectigo Limited,2022-07-05T00:00:00,2023-08-04T23:59:59
cuc-sub.bgu.ac.il,Sectigo Limited,2022-07-05T00:00:00,2023-08-04T23:59:59
imp-pub-ms.bgu.ac.il,Sectigo Limited,2022-07-05T00:00:00,2023-08-04T23:59:59
cs-serv.cs.bgu.ac.il,GEANT Vereniging,2022-07-04T00:00:00,2023-07-04T23:59:59
www.cs-serv.cs.bgu.ac.il,GEANT Vereniging,2022-07-04T00:00:00,2023-07-04T23:59:59
cs-sr.cs.bgu.ac.il,GEANT Vereniging,2022-07-04T00:00:00,2023-07-04T23:59:59
www.cs-sr.cs.bgu.ac.il,GEANT Vereniging,2022-07-04T00:00:00,2023-07-04T23:59:59
cs-tc.cs.bgu.ac.il,GEANT Vereniging,2022-07-04T00:00:00,2023-07-04T23:59:59
www.cs-tc.cs.bgu.ac.il,GEANT Vereniging,2022-07-04T00:00:00,2023-07-04T23:59:59
help.cs.bgu.ac.il,GEANT Vereniging,2022-07-04T00:00:00,2023-07-04T23:59:59
www.help.cs.bgu.ac.il,GEANT Vereniging,2022-07-04T00:00:00,2023-07-04T23:59:59
icc.ise.bgu.ac.il,GEANT Vereniging,2022-06-29T00:00:00,2023-06-29T23:59:59
www.icc.ise.bgu.ac.il,GEANT Vereniging,2022-06-29T00:00:00,2023-06-29T23:59:59
bgufin.bgu.ac.il,GEANT Vereniging,2022-06-28T00:00:00,2023-06-28T23:59:59
www.bgufin.bgu.ac.il,GEANT Vereniging,2022-06-28T00:00:00,2023-06-28T23:59:59
bgufin2019.bgu.ac.il,GEANT Vereniging,2022-06-28T00:00:00,2023-06-28T23:59:59
www.bgufin2019.bgu.ac.il,GEANT Vereniging,2022-06-28T00:00:00,2023-06-28T23:59:59
foodrecipes.cs.bgu.ac.il,,2022-06-27T11:42:14,2022-09-25T11:42:13
passover.cs.bgu.ac.il,GEANT Vereniging,2022-06-27T00:00:00,2023-06-27T23:59:59
www.passover.cs.bgu.ac.il,GEANT Vereniging,2022-06-27T00:00:00,2023-06-27T23:59:59
oralinux.ee.bgu.ac.il,GEANT Vereniging,2022-06-27T00:00:00,2023-06-27T23:59:59
projects.ee.bgu.ac.il,GEANT Vereniging,2022-06-27T00:00:00,2023-06-27T23:59:59
moodle2mbk1.bgu.ac.il,GEANT Vereniging,2022-06-24T00:00:00,2023-06-24T23:59:59
www.moodle2mbk1.bgu.ac.il,GEANT Vereniging,2022-06-24T00:00:00,2023-06-24T23:59:59
www.apps.bgu.ac.il,GEANT Vereniging,2022-06-22T00:00:00,2023-06-22T23:59:59
vision22.bgu.ac.il,GEANT Vereniging,2022-06-21T00:00:00,2023-06-21T23:59:59
www.vision22.bgu.ac.il,GEANT Vereniging,2022-06-21T00:00:00,2023-06-21T23:59:59
rps.ise.bgu.ac.il,GEANT Vereniging,2022-06-19T00:00:00,2023-06-19T23:59:59
www.rps.ise.bgu.ac.il,GEANT Vereniging,2022-06-19T00:00:00,2023-06-19T23:59:59
webrecipes.cs.bgu.ac.il,,2022-06-14T15:36:44,2022-09-12T15:36:43
gps-ise.cs.bgu.ac.il,,2022-06-13T07:58:56,2022-09-11T07:58:55
www.mx4.bgu.ac.il,GEANT Vereniging,2022-06-08T00:00:00,2023-06-08T23:59:59
bgufin-vtest3.bgu.ac.il,GEANT Vereniging,2022-05-30T00:00:00,2023-05-30T23:59:59
www.bgufin-vtest3.bgu.ac.il,GEANT Vereniging,2022-05-30T00:00:00,2023-05-30T23:59:59
otzmaiis.bgu.ac.il,GEANT Vereniging,2022-05-25T00:00:00,2023-05-25T23:59:59
www.otzmaiis.bgu.ac.il,GEANT Vereniging,2022-05-25T00:00:00,2023-05-25T23:59:59
elderly.cs.bgu.ac.il,,2022-05-20T13:50:51,2022-08-18T13:50:50
intent-ltest.cs.bgu.ac.il,,2022-04-25T10:39:47,2022-07-24T10:39:46
eng2.bgu.ac.il,GEANT Vereniging,2022-03-14T00:00:00,2023-03-14T23:59:59
www.eng2.bgu.ac.il,GEANT Vereniging,2022-03-14T00:00:00,2023-03-14T23:59:59
www.msih.bgu.ac.il,,2022-02-10T18:04:25,2022-05-11T18:04:24
test2.bgu.ac.il,GEANT Vereniging,2022-01-26T00:00:00,2023-01-26T23:59:59
www.test2.bgu.ac.il,GEANT Vereniging,2022-01-26T00:00:00,2023-01-26T23:59:59
k2-prod-app.bgu.ac.il,GEANT Vereniging,2021-12-27T00:00:00,2022-12-27T23:59:59
www.k2-prod-app.bgu.ac.il,GEANT Vereniging,2021-12-27T00:00:00,2022-12-27T23:59:59
forms.bgu.ac.il,GEANT Vereniging,2021-12-26T00:00:00,2022-12-26T23:59:59
www.forms.bgu.ac.il,GEANT Vereniging,2021-12-26T00:00:00,2022-12-26T23:59:59
lifeng.bgu.ac.il,GEANT Vereniging,2021-11-17T00:00:00,2022-11-17T23:59:59
www.lifeng.bgu.ac.il,GEANT Vereniging,2021-11-17T00:00:00,2022-11-17T23:59:59
www.wifireg2.bgu.ac.il,GEANT Vereniging,2021-10-17T00:00:00,2022-10-17T23:59:59
www.math-tc.cs.bgu.ac.il,GEANT Vereniging,2021-10-11T00:00:00,2022-10-11T23:59:59
meshi2.cs.bgu.ac.il,GEANT Vereniging,2021-10-11T00:00:00,2022-10-11T23:59:59
www.meshi2.cs.bgu.ac.il,GEANT Vereniging,2021-10-11T00:00:00,2022-10-11T23:59:59
moodlevpl.bgu.ac.il,GEANT Vereniging,2021-10-03T00:00:00,2022-10-03T23:59:59
www.moodlevpl.bgu.ac.il,GEANT Vereniging,2021-10-03T00:00:00,2022-10-03T23:59:59
www.se-tc.cs.bgu.ac.il,GEANT Vereniging,2021-10-03T00:00:00,2022-10-03T23:59:59
www.iemerp.bgu.ac.il,GEANT Vereniging,2021-09-22T00:00:00,2022-09-22T23:59:59
cpanel.pif.bgu.ac.il,"""cPanel",2021-09-13T00:00:00,2021-12-12T23:59:59
cpcalendars.pif.bgu.ac.il,"""cPanel",2021-09-13T00:00:00,2021-12-12T23:59:59
cpcontacts.pif.bgu.ac.il,"""cPanel",2021-09-13T00:00:00,2021-12-12T23:59:59
mail.pif.bgu.ac.il,"""cPanel",2021-09-13T00:00:00,2021-12-12T23:59:59
webdisk.pif.bgu.ac.il,"""cPanel",2021-09-13T00:00:00,2021-12-12T23:59:59
webmail.pif.bgu.ac.il,"""cPanel",2021-09-13T00:00:00,2021-12-12T23:59:59
gitlab.physics.bgu.ac.il,GEANT Vereniging,2021-09-12T00:00:00,2022-09-12T23:59:59
indico.physics.bgu.ac.il,GEANT Vereniging,2021-09-12T00:00:00,2022-09-12T23:59:59
nextcloud.physics.bgu.ac.il,GEANT Vereniging,2021-09-12T00:00:00,2022-09-12T23:59:59
office.physics.bgu.ac.il,GEANT Vereniging,2021-09-12T00:00:00,2022-09-12T23:59:59
physweb.bgu.ac.il,GEANT Vereniging,2021-09-12T00:00:00,2022-09-12T23:59:59
sites.physics.bgu.ac.il,GEANT Vereniging,2021-09-12T00:00:00,2022-09-12T23:59:59
wiki.physics.bgu.ac.il,GEANT Vereniging,2021-09-12T00:00:00,2022-09-12T23:59:59
tamrur.bgu.ac.il,GEANT Vereniging,2021-09-12T00:00:00,2022-09-12T23:59:59
tamrurnew.bgu.ac.il,GEANT Vereniging,2021-09-12T00:00:00,2022-09-12T23:59:59
somno-code-server.bgu.ac.il,GEANT Vereniging,2021-08-17T00:00:00,2022-08-17T23:59:59
www.somno-code-server.bgu.ac.il,GEANT Vereniging,2021-08-17T00:00:00,2022-08-17T23:59:59
pappolab.bgu.ac.il,GEANT Vereniging,2021-08-10T00:00:00,2022-08-10T23:59:59
www.pappolab.bgu.ac.il,GEANT Vereniging,2021-08-10T00:00:00,2022-08-10T23:59:59
geniepool.bgu.ac.il,GEANT Vereniging,2021-08-05T00:00:00,2022-08-05T23:59:59
www.geniepool.bgu.ac.il,GEANT Vereniging,2021-08-05T00:00:00,2022-08-05T23:59:59
www.eng.bgu.ac.il,GEANT Vereniging,2021-06-23T00:00:00,2022-06-23T23:59:59
phonebook1-iis.bgu.ac.il,GEANT Vereniging,2021-05-04T00:00:00,2022-05-04T23:59:59
www.phonebook1-iis.bgu.ac.il,GEANT Vereniging,2021-05-04T00:00:00,2022-05-04T23:59:59
aristo19c-test1.bgu.ac.il,GEANT Vereniging,2021-04-13T00:00:00,2022-04-13T23:59:59
www.aristo19c-test1.bgu.ac.il,GEANT Vereniging,2021-04-13T00:00:00,2022-04-13T23:59:59
www.you.bgu.ac.il,GEANT Vereniging,2021-03-24T00:00:00,2022-03-24T23:59:59
you.bgu.ac.il,GEANT Vereniging,2021-03-24T00:00:00,2022-03-24T23:59:59
geog-services.bgu.ac.il,GEANT Vereniging,2021-03-15T00:00:00,2022-03-15T23:59:59
www.geog-services.bgu.ac.il,GEANT Vereniging,2021-03-15T00:00:00,2022-03-15T23:59:59
datasciencelab.ise.bgu.ac.il,GEANT Vereniging,2021-03-11T00:00:00,2022-03-11T23:59:59
proj.ise.bgu.ac.il,GEANT Vereniging,2021-03-11T00:00:00,2022-03-11T23:59:59
votelib-hdm.ise.bgu.ac.il,GEANT Vereniging,2021-03-11T00:00:00,2022-03-11T23:59:59
www.ise.bgu.ac.il,GEANT Vereniging,2021-03-11T00:00:00,2022-03-11T23:59:59
www.sise.bgu.ac.il,GEANT Vereniging,2021-03-11T00:00:00,2022-03-11T23:59:59
vmvpl2.cs.bgu.ac.il,GEANT Vereniging,2021-03-11T00:00:00,2022-03-11T23:59:59
www.vmvpl2.cs.bgu.ac.il,GEANT Vereniging,2021-03-11T00:00:00,2022-03-11T23:59:59
vmvpl1.cs.bgu.ac.il,GEANT Vereniging,2021-03-11T00:00:00,2022-03-11T23:59:59
www.vmvpl1.cs.bgu.ac.il,GEANT Vereniging,2021-03-11T00:00:00,2022-03-11T23:59:59
fastpark.bgu.ac.il,GEANT Vereniging,2021-02-21T00:00:00,2022-02-21T23:59:59
www.fastpark.bgu.ac.il,GEANT Vereniging,2021-02-21T00:00:00,2022-02-21T23:59:59
ldapbpm.bgu.ac.il,GEANT Vereniging,2021-02-14T00:00:00,2022-02-14T23:59:59
www.ldapbpm.bgu.ac.il,GEANT Vereniging,2021-02-14T00:00:00,2022-02-14T23:59:59
openday.bgu.ac.il,GEANT Vereniging,2021-02-05T00:00:00,2022-02-05T23:59:59
www.openday.bgu.ac.il,GEANT Vereniging,2021-02-05T00:00:00,2022-02-05T23:59:59
video.bgu.ac.il,GEANT Vereniging,2021-01-18T00:00:00,2022-01-18T23:59:59
videosrv.bgu.ac.il,GEANT Vereniging,2021-01-18T00:00:00,2022-01-18T23:59:59
videosrvtest.bgu.ac.il,GEANT Vereniging,2021-01-18T00:00:00,2022-01-18T23:59:59
www.videosrvtest.bgu.ac.il,GEANT Vereniging,2021-01-18T00:00:00,2022-01-18T23:59:59
www.videosrv.bgu.ac.il,GEANT Vereniging,2021-01-18T00:00:00,2022-01-18T23:59:59
openday2.bgu.ac.il,GEANT Vereniging,2021-01-18T00:00:00,2022-01-18T23:59:59
www.openday2.bgu.ac.il,GEANT Vereniging,2021-01-18T00:00:00,2022-01-18T23:59:59
orientation.bgu.ac.il,,2021-01-05T15:16:07,2021-04-05T15:16:07
radio.bgu.ac.il,GEANT Vereniging,2021-01-04T00:00:00,2022-01-04T23:59:59
www.radio.bgu.ac.il,GEANT Vereniging,2021-01-04T00:00:00,2022-01-04T23:59:59
cnl.bgu.ac.il,,2020-12-22T15:43:44,2021-03-22T15:43:44
grad2020.bgu.ac.il,,2020-12-21T15:16:21,2021-03-21T15:16:21
dochap.bgu.ac.il,GEANT Vereniging,2020-12-17T00:00:00,2021-12-17T23:59:59
www.dochap.bgu.ac.il,GEANT Vereniging,2020-12-17T00:00:00,2021-12-17T23:59:59
kaf.moodle2.bgu.ac.il,GEANT Vereniging,2020-12-13T00:00:00,2021-12-13T23:59:59
www.kaf.moodle2.bgu.ac.il,GEANT Vereniging,2020-12-13T00:00:00,2021-12-13T23:59:59
api.als2019.bgu.ac.il,GEANT Vereniging,2020-12-10T00:00:00,2021-12-10T23:59:59
www.api.als2019.bgu.ac.il,GEANT Vereniging,2020-12-10T00:00:00,2021-12-10T23:59:59
als2019.bgu.ac.il,GEANT Vereniging,2020-12-10T00:00:00,2021-12-10T23:59:59
www.als2019.bgu.ac.il,GEANT Vereniging,2020-12-10T00:00:00,2021-12-10T23:59:59
bguvideo.bgu.ac.il,GEANT Vereniging,2020-12-07T00:00:00,2021-12-07T23:59:59
www.bguvideo.bgu.ac.il,GEANT Vereniging,2020-12-07T00:00:00,2021-12-07T23:59:59
crystalogy.bgu.ac.il,GEANT Vereniging,2020-11-22T00:00:00,2021-11-22T23:59:59
www.crystalogy.bgu.ac.il,GEANT Vereniging,2020-11-22T00:00:00,2021-11-22T23:59:59
scholars2.bgu.ac.il,,2020-11-20T22:18:15,2021-02-18T22:18:15
museec.ise.bgu.ac.il,,2020-11-20T21:03:49,2021-02-18T21:03:49
www.smtp365int.bgu.ac.il,GEANT Vereniging,2020-08-09T00:00:00,2021-08-09T23:59:59
m3s3.bgu.ac.il,GEANT Vereniging,2020-08-07T00:00:00,2022-08-07T23:59:59
www.m3s3.bgu.ac.il,GEANT Vereniging,2020-08-07T00:00:00,2022-08-07T23:59:59
www.labrisk.bgu.ac.il,GEANT Vereniging,2020-08-04T00:00:00,2022-08-04T23:59:59
www.lp.bgu.ac.il,GEANT Vereniging,2020-07-26T00:00:00,2022-07-26T23:59:59
webapi.bgu.ac.il,GEANT Vereniging,2020-07-20T00:00:00,2022-07-20T23:59:59
www.webapi.bgu.ac.il,GEANT Vereniging,2020-07-20T00:00:00,2022-07-20T23:59:59
www.nano-bookit.bgu.ac.il,GEANT Vereniging,2020-07-13T00:00:00,2022-07-13T23:59:59
www.imp-sub.bgu.ac.il,GEANT Vereniging,2020-07-13T00:00:00,2022-07-13T23:59:59
www.imp-pub.bgu.ac.il,GEANT Vereniging,2020-07-13T00:00:00,2022-07-13T23:59:59
www.cucm-pub-ms.bgu.ac.il,GEANT Vereniging,2020-07-13T00:00:00,2021-07-13T23:59:59
www.nmr.bgu.ac.il,GEANT Vereniging,2020-07-13T00:00:00,2022-07-13T23:59:59
sdebokercam.bgu.ac.il,GEANT Vereniging,2020-07-11T00:00:00,2022-07-11T23:59:59
www.sdebokercam.bgu.ac.il,GEANT Vereniging,2020-07-11T00:00:00,2022-07-11T23:59:59
vjmp.auth.ad.bgu.ac.il,GEANT Vereniging,2020-07-11T00:00:00,2022-07-11T23:59:59
www.vjmp.auth.ad.bgu.ac.il,GEANT Vereniging,2020-07-11T00:00:00,2022-07-11T23:59:59
sbc1.bgu.ac.il,GEANT Vereniging,2020-07-11T00:00:00,2022-07-11T23:59:59
www.sbc1.bgu.ac.il,GEANT Vereniging,2020-07-11T00:00:00,2022-07-11T23:59:59
moodle2.bgu.ac.il,GEANT Vereniging,2020-07-11T00:00:00,2022-07-11T23:59:59
www.moodle2.bgu.ac.il,GEANT Vereniging,2020-07-11T00:00:00,2022-07-11T23:59:59
www.physweb.bgu.ac.il,GEANT Vereniging,2020-07-11T00:00:00,2022-07-11T23:59:59
www.physics.bgu.ac.il,GEANT Vereniging,2020-07-11T00:00:00,2022-07-11T23:59:59
www.mgmntlnx.bgu.ac.il,GEANT Vereniging,2020-07-11T00:00:00,2022-07-11T23:59:59
mgmnt1.campus.ad.bgu.ac.il,GEANT Vereniging,2020-07-11T00:00:00,2021-07-11T23:59:59
www.mgmnt1.campus.ad.bgu.ac.il,GEANT Vereniging,2020-07-11T00:00:00,2021-07-11T23:59:59
mediaserver.bgu.ac.il,GEANT Vereniging,2020-07-11T00:00:00,2022-07-11T23:59:59
www.mediaserver.bgu.ac.il,GEANT Vereniging,2020-07-11T00:00:00,2022-07-11T23:59:59
heksherimlexicon.bgu.ac.il,GEANT Vereniging,2020-07-11T00:00:00,2022-07-11T23:59:59
www.heksherimlexicon.bgu.ac.il,GEANT Vereniging,2020-07-11T00:00:00,2022-07-11T23:59:59
mdev.bgu.ac.il,GEANT Vereniging,2020-07-11T00:00:00,2022-07-11T23:59:59
www.mdev.bgu.ac.il,GEANT Vereniging,2020-07-11T00:00:00,2022-07-11T23:59:59
in.bgu.ac.il,GEANT Vereniging,2020-07-11T00:00:00,2022-07-11T23:59:59
www.in.bgu.ac.il,GEANT Vereniging,2020-07-11T00:00:00,2022-07-11T23:59:59
etafnit2019.bgu.ac.il,GEANT Vereniging,2020-07-11T00:00:00,2022-07-11T23:59:59
www.etafnit2019.bgu.ac.il,GEANT Vereniging,2020-07-11T00:00:00,2022-07-11T23:59:59
bumbleac.bgu.ac.il,GEANT Vereniging,2020-07-11T00:00:00,2022-07-11T23:59:59
www.bumbleac.bgu.ac.il,GEANT Vereniging,2020-07-11T00:00:00,2022-07-11T23:59:59
bumble2.bgu.ac.il,GEANT Vereniging,2020-07-11T00:00:00,2022-07-11T23:59:59
www.bumble2.bgu.ac.il,GEANT Vereniging,2020-07-11T00:00:00,2022-07-11T23:59:59
bgufin-vtest1.bgu.ac.il,GEANT Vereniging,2020-07-11T00:00:00,2022-07-11T23:59:59
www.bgufin-vtest1.bgu.ac.il,GEANT Vereniging,2020-07-11T00:00:00,2022-07-11T23:59:59
vpn.bgu.ac.il,GEANT Vereniging,2020-07-09T00:00:00,2022-07-09T23:59:59
www.vpn.bgu.ac.il,GEANT Vereniging,2020-07-09T00:00:00,2022-07-09T23:59:59
www.secdep.bgu.ac.il,GEANT Vereniging,2020-07-09T00:00:00,2022-07-09T23:59:59
security.bgu.ac.il,GEANT Vereniging,2020-07-09T00:00:00,2022-07-09T23:59:59
www.security.bgu.ac.il,GEANT Vereniging,2020-07-09T00:00:00,2022-07-09T23:59:59
helpdesk.bgu.ac.il,GEANT Vereniging,2020-07-09T00:00:00,2022-07-09T23:59:59
www.helpdesk.bgu.ac.il,GEANT Vereniging,2020-07-09T00:00:00,2022-07-09T23:59:59
www.mx3.bgu.ac.il,GEANT Vereniging,2020-07-08T00:00:00,2022-07-08T23:59:59
www.smtp10.bgu.ac.il,GEANT Vereniging,2020-07-08T00:00:00,2022-07-08T23:59:59
scholars.bgu.ac.il,GEANT Vereniging,2020-07-08T00:00:00,2022-07-08T23:59:59
www.scholars.bgu.ac.il,GEANT Vereniging,2020-07-08T00:00:00,2022-07-08T23:59:59
expr-e.ipt.bgu.ac.il,GEANT Vereniging,2020-07-08T00:00:00,2022-07-08T23:59:59
ipt.bgu.ac.il,GEANT Vereniging,2020-07-08T00:00:00,2022-07-08T23:59:59
testwinapex12c.bgu.ac.il,GEANT Vereniging,2020-07-08T00:00:00,2022-07-08T23:59:59
www.testwinapex12c.bgu.ac.il,GEANT Vereniging,2020-07-08T00:00:00,2022-07-08T23:59:59
expr-c.bgu.ac.il,GEANT Vereniging,2020-07-08T00:00:00,2022-07-08T23:59:59
www.expr-c.bgu.ac.il,GEANT Vereniging,2020-07-08T00:00:00,2022-07-08T23:59:59
www.tamrur.bgu.ac.il,GEANT Vereniging,2020-07-08T00:00:00,2022-07-08T23:59:59
myforum.bgu.ac.il,GEANT Vereniging,2020-07-08T00:00:00,2022-07-08T23:59:59
www.myforum.bgu.ac.il,GEANT Vereniging,2020-07-08T00:00:00,2022-07-08T23:59:59
www.venusdepot.bgu.ac.il,GEANT Vereniging,2020-07-08T00:00:00,2022-07-08T23:59:59
lists.bgu.ac.il,GEANT Vereniging,2020-07-08T00:00:00,2022-07-08T23:59:59
www.lists.bgu.ac.il,GEANT Vereniging,2020-07-08T00:00:00,2022-07-08T23:59:59
www.netreg12.bgu.ac.il,GEANT Vereniging,2020-07-08T00:00:00,2022-07-08T23:59:59
post.bgu.ac.il,GEANT Vereniging,2020-07-08T00:00:00,2022-07-08T23:59:59
www.post.bgu.ac.il,GEANT Vereniging,2020-07-08T00:00:00,2022-07-08T23:59:59
www.netreg11.bgu.ac.il,GEANT Vereniging,2020-07-08T00:00:00,2022-07-08T23:59:59
genomics.bgu.ac.il,GEANT Vereniging,2020-07-08T00:00:00,2022-07-08T23:59:59
www.genomics.bgu.ac.il,GEANT Vereniging,2020-07-08T00:00:00,2022-07-08T23:59:59
wwwee.ee.bgu.ac.il,GEANT Vereniging,2020-07-08T00:00:00,2022-07-08T23:59:59
www.wwwee.ee.bgu.ac.il,GEANT Vereniging,2020-07-08T00:00:00,2022-07-08T23:59:59
www.ece-projects.ee.bgu.ac.il,GEANT Vereniging,2020-07-08T00:00:00,2022-07-08T23:59:59
lib22.bgu.ac.il,GEANT Vereniging,2020-07-08T00:00:00,2022-07-08T23:59:59
www.lib22.bgu.ac.il,GEANT Vereniging,2020-07-08T00:00:00,2022-07-08T23:59:59
nsfs.bgu.ac.il,GEANT Vereniging,2020-07-08T00:00:00,2022-07-08T23:59:59
www.nsfs.bgu.ac.il,GEANT Vereniging,2020-07-08T00:00:00,2022-07-08T23:59:59
lfscc.bgu.ac.il,GEANT Vereniging,2020-07-08T00:00:00,2022-07-08T23:59:59
www.lfscc.bgu.ac.il,GEANT Vereniging,2020-07-08T00:00:00,2022-07-08T23:59:59
www.lifeserv.bgu.ac.il,GEANT Vereniging,2020-07-08T00:00:00,2022-07-08T23:59:59
sise.bgu.ac.il,GEANT Vereniging,2020-07-08T00:00:00,2022-07-08T23:59:59
cdalab.ise.bgu.ac.il,GEANT Vereniging,2020-07-08T00:00:00,2022-07-08T23:59:59
www.cdalab.ise.bgu.ac.il,GEANT Vereniging,2020-07-08T00:00:00,2022-07-08T23:59:59
calctest.bgu.ac.il,GEANT Vereniging,2020-07-08T00:00:00,2022-07-08T23:59:59
pre.bgu.ac.il,GEANT Vereniging,2020-07-08T00:00:00,2022-07-08T23:59:59
attentivetest.auth.ad.bgu.ac.il,GEANT Vereniging,2020-07-08T00:00:00,2022-07-08T23:59:59
www.attentivetest.auth.ad.bgu.ac.il,GEANT Vereniging,2020-07-08T00:00:00,2022-07-08T23:59:59
www.mashrooms.bgu.ac.il,GEANT Vereniging,2020-07-08T00:00:00,2022-07-08T23:59:59
www.venus.bgu.ac.il,GEANT Vereniging,2020-07-08T00:00:00,2022-07-08T23:59:59
www.hilanoptibit.auth.ad.bgu.ac.il,GEANT Vereniging,2020-07-08T00:00:00,2022-07-08T23:59:59
phonebook.bgu.ac.il,GEANT Vereniging,2020-07-08T00:00:00,2022-07-08T23:59:59
www.phonebook.bgu.ac.il,GEANT Vereniging,2020-07-08T00:00:00,2022-07-08T23:59:59
ibgu.bgu.ac.il,GEANT Vereniging,2020-07-08T00:00:00,2022-07-08T23:59:59
mkt1.bgu.ac.il,GEANT Vereniging,2020-07-08T00:00:00,2022-07-08T23:59:59
bay-dev.bgu.ac.il,GEANT Vereniging,2020-07-08T00:00:00,2022-07-08T23:59:59
www.bay-dev.bgu.ac.il,GEANT Vereniging,2020-07-08T00:00:00,2022-07-08T23:59:59
sps4stu.bgu.ac.il,GEANT Vereniging,2020-07-08T00:00:00,2022-07-08T23:59:59
www.sps4stu.bgu.ac.il,GEANT Vereniging,2020-07-08T00:00:00,2022-07-08T23:59:59
www.bgu-cc-msdb1.bgu.ac.il,GEANT Vereniging,2020-07-08T00:00:00,2022-07-08T23:59:59
appeals.bgu.ac.il,GEANT Vereniging,2020-07-08T00:00:00,2022-07-08T23:59:59
www.appeals.bgu.ac.il,GEANT Vereniging,2020-07-08T00:00:00,2022-07-08T23:59:59
www.fohs.bgu.ac.il,GEANT Vereniging,2020-07-08T00:00:00,2022-07-08T23:59:59
limesurvey.bgu.ac.il,GEANT Vereniging,2020-07-08T00:00:00,2022-07-08T23:59:59
www.limesurvey.bgu.ac.il,GEANT Vereniging,2020-07-08T00:00:00,2022-07-08T23:59:59
in.fohs.bgu.ac.il,GEANT Vereniging,2020-07-08T00:00:00,2022-07-08T23:59:59
mrbs.bgu.ac.il,GEANT Vereniging,2020-07-08T00:00:00,2022-07-08T23:59:59
star.fohs.bgu.ac.il,GEANT Vereniging,2020-07-08T00:00:00,2022-07-08T23:59:59
csdynamicweb.cs.bgu.ac.il,GEANT Vereniging,2020-07-08T00:00:00,2022-07-08T23:59:59
www.csdynamicweb.cs.bgu.ac.il,GEANT Vereniging,2020-07-08T00:00:00,2022-07-08T23:59:59
mirseedbase.ise.bgu.ac.il,GEANT Vereniging,2020-07-08T00:00:00,2022-07-08T23:59:59
www.mirseedbase.ise.bgu.ac.il,GEANT Vereniging,2020-07-08T00:00:00,2022-07-08T23:59:59
proj-memy.ise.bgu.ac.il,GEANT Vereniging,2020-07-08T00:00:00,2022-07-08T23:59:59
www.proj-memy.ise.bgu.ac.il,GEANT Vereniging,2020-07-08T00:00:00,2022-07-08T23:59:59
medinfo2.ise.bgu.ac.il,GEANT Vereniging,2020-07-08T00:00:00,2022-07-08T23:59:59
www.medinfo2.ise.bgu.ac.il,GEANT Vereniging,2020-07-08T00:00:00,2022-07-08T23:59:59
helpdesk.cs.bgu.ac.il,GEANT Vereniging,2020-07-08T00:00:00,2022-07-08T23:59:59
www.helpdesk.cs.bgu.ac.il,GEANT Vereniging,2020-07-08T00:00:00,2022-07-08T23:59:59
www.cs.bgu.ac.il,GEANT Vereniging,2020-07-08T00:00:00,2022-07-08T23:59:59
port.cs.bgu.ac.il,GEANT Vereniging,2020-07-08T00:00:00,2022-07-08T23:59:59
www.port.cs.bgu.ac.il,GEANT Vereniging,2020-07-08T00:00:00,2022-07-08T23:59:59
oldweb.cs.bgu.ac.il,GEANT Vereniging,2020-07-08T00:00:00,2022-07-08T23:59:59
www.oldweb.cs.bgu.ac.il,GEANT Vereniging,2020-07-08T00:00:00,2022-07-08T23:59:59
meeting.cs.bgu.ac.il,GEANT Vereniging,2020-07-08T00:00:00,2022-07-08T23:59:59
www.meeting.cs.bgu.ac.il,GEANT Vereniging,2020-07-08T00:00:00,2022-07-08T23:59:59
bgusat.bgu.ac.il,GEANT Vereniging,2020-07-08T00:00:00,2022-07-08T23:59:59
www.bgusat.bgu.ac.il,GEANT Vereniging,2020-07-08T00:00:00,2022-07-08T23:59:59
nano-ca-udp.bgu.ac.il,GEANT Vereniging,2020-07-08T00:00:00,2022-07-08T23:59:59
www.nano-ca-udp.bgu.ac.il,GEANT Vereniging,2020-07-08T00:00:00,2022-07-08T23:59:59
fab-project.bgu.ac.il,GEANT Vereniging,2020-07-08T00:00:00,2022-07-08T23:59:59
www.fab-project.bgu.ac.il,GEANT Vereniging,2020-07-08T00:00:00,2022-07-08T23:59:59
math.bgu.ac.il,GEANT Vereniging,2020-07-08T00:00:00,2022-07-08T23:59:59
www.cgqnap002.bgu.ac.il,GEANT Vereniging,2020-07-08T00:00:00,2022-07-08T23:59:59
www.cgqnap001.bgu.ac.il,GEANT Vereniging,2020-07-08T00:00:00,2022-07-08T23:59:59
john-01.bgu.ac.il,GEANT Vereniging,2020-07-08T00:00:00,2022-07-08T23:59:59
www.john-01.bgu.ac.il,GEANT Vereniging,2020-07-08T00:00:00,2022-07-08T23:59:59
hugobot.ise.bgu.ac.il,GEANT Vereniging,2020-07-08T00:00:00,2022-07-08T23:59:59
www.hugobot.ise.bgu.ac.il,GEANT Vereniging,2020-07-08T00:00:00,2022-07-08T23:59:59
git.tlabs.bgu.ac.il,GEANT Vereniging,2020-07-08T00:00:00,2022-07-08T23:59:59
www.git.tlabs.bgu.ac.il,GEANT Vereniging,2020-07-08T00:00:00,2022-07-08T23:59:59
www.cyber.bgu.ac.il,GEANT Vereniging,2020-07-08T00:00:00,2022-07-08T23:59:59
www.sdb.bgu.ac.il,GEANT Vereniging,2020-07-08T00:00:00,2022-07-08T23:59:59
www.attentive.bgu.ac.il,GEANT Vereniging,2020-07-08T00:00:00,2022-07-08T23:59:59
www.shizafon.bgu.ac.il,GEANT Vereniging,2020-07-08T00:00:00,2022-07-08T23:59:59
w3.bgu.ac.il,GEANT Vereniging,2020-07-08T00:00:00,2022-07-08T23:59:59
www.w3.bgu.ac.il,GEANT Vereniging,2020-07-08T00:00:00,2022-07-08T23:59:59
www.bay-appl.bgu.ac.il,GEANT Vereniging,2020-07-08T00:00:00,2022-07-08T23:59:59
www.xmail.bgu.ac.il,GEANT Vereniging,2020-07-08T00:00:00,2022-07-08T23:59:59
apps4cloud.bgu.ac.il,GEANT Vereniging,2020-07-08T00:00:00,2022-07-08T23:59:59
www.apps4cloud.bgu.ac.il,GEANT Vereniging,2020-07-08T00:00:00,2022-07-08T23:59:59
geofeel.cs.bgu.ac.il,,2020-06-29T05:16:47,2020-09-27T05:16:47
lifewp.bgu.ac.il,GEANT Vereniging,2020-06-23T00:00:00,2022-06-23T23:59:59
www.lifewp.bgu.ac.il,GEANT Vereniging,2020-06-23T00:00:00,2022-06-23T23:59:59
gezer1.bgu.ac.il,GEANT Vereniging,2020-06-11T00:00:00,2022-06-11T23:59:59
www.gezer1.bgu.ac.il,GEANT Vereniging,2020-06-11T00:00:00,2022-06-11T23:59:59
dormreg2.bgu.ac.il,GEANT Vereniging,2020-06-07T00:00:00,2021-06-07T23:59:59
www.dormreg2.bgu.ac.il,GEANT Vereniging,2020-06-07T00:00:00,2021-06-07T23:59:59
svn.cs.bgu.ac.il,GEANT Vereniging,2020-05-18T00:00:00,2022-05-18T23:59:59
www.svn.cs.bgu.ac.il,GEANT Vereniging,2020-05-18T00:00:00,2022-05-18T23:59:59
gezer.bgu.ac.il,Sectigo Limited,2020-04-23T00:00:00,2021-05-23T23:59:59
www.gezer.bgu.ac.il,GEANT Vereniging,2020-04-23T00:00:00,2022-04-23T23:59:59
sdebokerCam.bgu.ac.il,TERENA,2020-04-19T00:00:00,2022-04-27T12:00:00
www.sdebokerCam.bgu.ac.il,TERENA,2020-04-19T00:00:00,2022-04-27T12:00:00
www.smtp.bgu.ac.il,TERENA,2020-04-15T00:00:00,2022-04-20T12:00:00
aristo4bgu.bgu.ac.il,Equifax,2009-06-02T14:19:23,2010-07-04T23:58:30
rdw.auth.ad.bgu.ac.il,Equifax,2010-02-21T15:26:33,2013-03-25T02:46:53
physrun2.bgu.ac.il,,2020-01-13T14:11:48,2020-04-12T14:11:48
AutoDiscover.bgu.ac.il,TERENA,2019-05-24T00:00:00,2021-06-16T12:00:00
Proj-MeMy.ise.bgu.ac.il,TERENA,2019-05-08T00:00:00,2021-05-12T12:00:00
wtfact.ise.bgu.ac.il,TERENA,2019-04-08T00:00:00,2021-04-12T12:00:00
BGUSAT.bgu.ac.il,TERENA,2019-02-24T00:00:00,2021-03-03T12:00:00
edit.bgu.ac.il,TERENA,2019-03-18T00:00:00,2021-03-22T12:00:00
prod16-wfe1.auth.ad.bgu.ac.il,TERENA,2019-03-18T00:00:00,2021-03-22T12:00:00
prod16-wfe2.auth.ad.bgu.ac.il,TERENA,2019-03-18T00:00:00,2021-03-22T12:00:00
prod16-wfe3.auth.ad.bgu.ac.il,TERENA,2019-03-18T00:00:00,2021-03-22T12:00:00
ciscowlc.bgu.ac.il,TERENA,2019-02-10T00:00:00,2021-02-17T12:00:00
try360.bgu.ac.il,,2018-12-25T11:00:59,2019-03-25T11:00:59
www.try360.bgu.ac.il,,2018-12-25T11:00:59,2019-03-25T11:00:59
mfiles.cs.bgu.ac.il,TERENA,2017-12-14T00:00:00,2019-12-19T12:00:00
newgezer.bgu.ac.il,TERENA,2018-05-23T00:00:00,2020-07-20T12:00:00
DeBGUer.sise.bgu.ac.il,TERENA,2018-04-22T00:00:00,2020-04-29T12:00:00
subsys.ise.bgu.ac.il,TERENA,2018-03-19T00:00:00,2020-03-23T12:00:00
tlabs.bgu.ac.il,TERENA,2018-03-20T00:00:00,2020-03-24T12:00:00
bgufin-drp.bgu.ac.il,TERENA,2018-03-20T00:00:00,2020-03-24T12:00:00
bgufin-skr.bgu.ac.il,TERENA,2018-02-25T00:00:00,2020-03-04T12:00:00
testezproxy.bgu.ac.il,TERENA,2018-01-22T00:00:00,2020-01-27T12:00:00
w3-new.bgu.ac.il,TERENA,2015-06-17T00:00:00,2018-06-21T12:00:00
web2012.bgu.ac.il,TERENA,2015-06-17T00:00:00,2018-06-21T12:00:00
web2.bgu.ac.il,TERENA,2015-06-17T00:00:00,2018-06-21T12:00:00
catalogue.bgu.ac.il,TERENA,2018-01-17T00:00:00,2020-01-22T12:00:00
op.tlabs.bgu.ac.il,TERENA,2017-10-22T00:00:00,2019-10-30T12:00:00
blackswan.auth.ad.bgu.ac.il,TERENA,2017-10-18T00:00:00,2019-10-23T12:00:00
buzzard3.auth.ad.bgu.ac.il,TERENA,2017-10-18T00:00:00,2019-10-23T12:00:00
buzzard4.auth.ad.bgu.ac.il,TERENA,2017-10-18T00:00:00,2019-10-23T12:00:00
mlists.cs.bgu.ac.il,TERENA,2017-12-03T00:00:00,2019-12-11T12:00:00
incentive.ise.bgu.ac.il,TERENA,2016-12-18T00:00:00,2019-01-04T12:00:00
Cse-iis.campus.ad.bgu.ac.il,TERENA,2017-11-12T00:00:00,2019-11-20T12:00:00
cse-projects.bgu.ac.il,TERENA,2017-10-30T00:00:00,2020-11-03T12:00:00
white.bgu.ac.il,TERENA,2017-09-11T00:00:00,2019-09-16T12:00:00
www.join.bgu.ac.il,GlobalSign nv-sa,2017-07-12T16:44:39,2018-07-13T16:44:39
dormreg1.bgu.ac.il,TERENA,2017-08-28T00:00:00,2019-09-05T12:00:00
cgcloud.bgu.ac.il,TERENA,2017-04-02T00:00:00,2019-04-10T12:00:00
nanofab-bookit.bgu.ac.il,TERENA,2017-02-15T00:00:00,2019-02-20T12:00:00
bgufin-vtest2.bgu.ac.il,TERENA,2017-01-26T00:00:00,2019-01-31T12:00:00
expr-e.bgu.ac.il,TERENA,2016-11-06T00:00:00,2018-11-14T12:00:00
expr-c.ipt.bgu.ac.il,TERENA,2016-11-06T00:00:00,2018-11-14T12:00:00
kor1.bgu.ac.il,TERENA,2012-01-25T00:00:00,2015-01-24T23:59:59
kor2.bgu.ac.il,TERENA,2012-01-25T00:00:00,2015-01-24T23:59:59
shaar.bgu.ac.il,TERENA,2012-01-25T00:00:00,2015-01-24T23:59:59
vpn1.bgu.ac.il,TERENA,2012-01-25T00:00:00,2015-01-24T23:59:59
vpn2.bgu.ac.il,TERENA,2012-01-25T00:00:00,2015-01-24T23:59:59
hilanet.bgu.ac.il,Equifax,2010-03-18T04:05:35,2013-03-19T07:30:19
buzzard1.auth.ad.bgu.ac.il,Equifax,2008-07-11T13:28:33,2011-07-12T13:28:33
buzzard2.auth.ad.bgu.ac.il,Equifax,2008-07-11T13:28:33,2011-07-12T13:28:33
buzzard.auth.ad.bgu.ac.il,Equifax,2008-07-11T13:28:33,2011-07-12T13:28:33
uc.bgu.ac.il,Equifax,2008-07-11T13:28:33,2011-07-12T13:28:33
bgu-cc-msdb.bgu.ac.il,Equifax,2009-06-02T15:59:04,2011-07-05T08:57:14
gms.bgu.ac.il,Equifax,2009-02-26T10:28:49,2010-02-27T10:28:49
mx1.bgu.ac.il,TERENA,2016-08-16T00:00:00,2018-08-21T12:00:00
netreg.bgu.ac.il,TERENA,2016-06-15T00:00:00,2018-06-20T12:00:00
lib20.bgu.ac.il,TERENA,2016-06-02T00:00:00,2018-06-07T12:00:00
sysaid.bgu.ac.il,TERENA,2016-05-18T00:00:00,2018-05-23T12:00:00
1click.bgu.ac.il,TERENA,2011-02-08T00:00:00,2014-02-07T23:59:59
www.1click.bgu.ac.il,TERENA,2011-02-08T00:00:00,2014-02-07T23:59:59
smtp1.bgu.ac.il,TERENA,2014-01-06T00:00:00,2017-01-05T23:59:59
smtp2.bgu.ac.il,TERENA,2014-01-06T00:00:00,2017-01-05T23:59:59
smtp3.bgu.ac.il,TERENA,2014-01-06T00:00:00,2017-01-05T23:59:59
smtp4.bgu.ac.il,TERENA,2014-01-06T00:00:00,2017-01-05T23:59:59
point2.bgu.ac.il,TERENA,2010-12-12T00:00:00,2013-12-11T23:59:59
www.point2.bgu.ac.il,TERENA,2010-12-12T00:00:00,2013-12-11T23:59:59
bumbleview.bgu.ac.il,TERENA,2016-03-01T00:00:00,2018-03-06T12:00:00
viewcomp1.bgu.ac.il,TERENA,2016-02-28T00:00:00,2018-03-07T12:00:00
webmail.cs.bgu.ac.il,TERENA,2015-12-16T00:00:00,2017-12-20T12:00:00
moodle2mbk.bgu.ac.il,TERENA,2015-07-21T00:00:00,2017-07-25T12:00:00
aranne150.bgu.ac.il,TERENA,2015-04-16T00:00:00,2018-04-15T23:59:59
chemvisitors.bgu.ac.il,TERENA,2015-02-03T00:00:00,2018-02-02T23:59:59
kor11.bgu.ac.il,TERENA,2015-02-16T00:00:00,2018-02-15T23:59:59
kor12.bgu.ac.il,TERENA,2015-02-16T00:00:00,2018-02-15T23:59:59
medinfo.ise.bgu.ac.il,TERENA,2014-05-07T00:00:00,2017-05-06T23:59:59
payments.bgu.ac.il,TERENA,2014-07-08T00:00:00,2017-07-07T23:59:59
mail.ee.bgu.ac.il,TERENA,2014-02-20T00:00:00,2017-02-19T23:59:59
www.ee.bgu.ac.il,TERENA,2014-02-20T00:00:00,2017-02-19T23:59:59
hdm.ise.bgu.ac.il,TERENA,2013-10-27T00:00:00,2016-10-26T23:59:59
aristo4stu3.bgu.ac.il,TERENA,2012-03-05T00:00:00,2015-03-05T23:59:59
aristo4stu.bgu.ac.il,TERENA,2010-12-28T00:00:00,2013-12-27T23:59:59
www.aristo4stu.bgu.ac.il,TERENA,2010-12-28T00:00:00,2013-12-27T23:59:59
